Ime,Prezime,Adresa,DatumRodjenja,BrojLicneKarte,MaticniBroj
,Karaman,Zmaja od Bosne bb,04/29/2001,223E411,2904001170027
Nadir1,Karaman,Zmaja od Bosne bb,04/29/2001,223E411,2904001170027
Nadirnadirnadirnadirnadirnadirnadirnadirn,Karaman,Zmaja od Bosne bb,04/29/2001,223E411,2904001170027
Nadir1,Karaman,Zmaja od Bosne bb,04/29/2001,223E411,2904001170027
N,Karaman,Zmaja od Bosne bb,04/29/2001,223E411,2904001170027
Nadir,,Zmaja od Bosne bb,04/29/2001,223E411,2904001170027
Nadir,Kar$man,Zmaja od Bosne bb,04/29/2001,223E411,2904001170027
Nadir,Karamankaramankaramankaramankaramankaramankaramanka,Zmaja od Bosne bb,04/29/2001,223E411,2904001170027
Nadir,Ka,Zmaja od Bosne bb,04/29/2001,223E411,2904001170027
Nadir,Karaman,,04/29/2001,223E411,2904001170027
Nadir,Karaman,Zmaja od Bosne bb,04/29/2023,223E411,2904001170027
Nadir,Karaman,Zmaja od Bosne bb,04/29/2001,223411,2904001170027
Nadir,Karaman,Zmaja od Bosne bb,04/29/2001,223A411,2904001170027
Nadir,Karaman,Zmaja od Bosne bb,04/29/2001,2J3E411,2904001170027
Nadir,Karaman,Zmaja od Bosne bb,04/29/2001,223E411,290400117007
Nadir,Karaman,Zmaja od Bosne bb,04/29/2001,223E411,2804001170027
Nadir,Karaman,Zmaja od Bosne bb,04/29/2001,223E411,2903001170027
Nadir,Karaman,Zmaja od Bosne bb,04/29/2001,223E411,2904004170027